Epoch,Beta
1,-4.850816249847412
2,-4.857131004333496
3,-4.836126327514648
4,-4.840724945068359
5,-4.853741645812988
