Epoch,Beta
1,-4.850160121917725
2,-4.849323272705078
3,-4.735273838043213
4,-3.873356580734253
5,-3.919856309890747
